agent,stream,status,points,percent,artifact,notes
Agent-1,Vector+Discord,IN_PROGRESS,850,14%,Discord 85% complete,Phase 1 consolidation pending
Agent-2,Messaging+Analytics,IN_PROGRESS,200,6%,Messaging 60% Analytics 10%,Executing C-017 to C-022
Agent-3,Infrastructure,AWAITING_ACK,0,0%,Reactivation sent,No acknowledgment yet
Agent-5,BI Assessment,READY,0,0%,Sprint adjusted,BI Engine assessment ready
Agent-6,V2+QualityGates,COMPLETE,600,11%,V2 100% complete,Quality gates C-003 next
Agent-7,Web Analysis,READY,0,0%,Timeline coordinated,Web interface analysis ready
Agent-8,Docs/SSOT,COMPLETE,900,18%,Tracking+SSOT guide,Week 1-2 complete
Captain,Coordination,IN_PROGRESS,200,5%,All agents coordinated,C-025 preparation active




